section;subtopic;source_name;section_link
data product name¶;HK/TM Product;LE1 Data Products;https://euclid.esac.esa.int/msp/dpdd/live/le1dpd/dpcards/hktm_product.html#data-product-name
data product name¶;NISP Raw Frame Product;LE1 Data Products;https://euclid.esac.esa.int/msp/dpdd/live/le1dpd/dpcards/le1_nisprawframe.html#data-product-name
data product name¶;Vis Raw Frame Product;LE1 Data Products;https://euclid.esac.esa.int/msp/dpdd/live/le1dpd/dpcards/le1_visrawframe.html#data-product-name
data product name¶;Ext Input Configuration Product;SIM Data Products;https://euclid.esac.esa.int/msp/dpdd/live/simdpd/dpcards/sim_extinputconfiguration.html#data-product-name
data product name¶;Galaxy Catalog Product;SIM Data Products;https://euclid.esac.esa.int/msp/dpdd/live/simdpd/dpcards/sim_galaxycatalogproduct.html#data-product-name
data product name¶;Nip Input Configuration Product;SIM Data Products;https://euclid.esac.esa.int/msp/dpdd/live/simdpd/dpcards/sim_nipinputconfiguration.html#data-product-name
data product name¶;Nis Input Configuration Product;SIM Data Products;https://euclid.esac.esa.int/msp/dpdd/live/simdpd/dpcards/sim_nisinputconfiguration.html#data-product-name
data product name¶;Sim Request Product;SIM Data Products;https://euclid.esac.esa.int/msp/dpdd/live/simdpd/dpcards/sim_simrequest.html#data-product-name
data product name¶;SSO Catalog Product;SIM Data Products;https://euclid.esac.esa.int/msp/dpdd/live/simdpd/dpcards/sim_ssocatalogproduct.html#data-product-name
data product name¶;Star Catalog Product;SIM Data Products;https://euclid.esac.esa.int/msp/dpdd/live/simdpd/dpcards/sim_starcatalogproduct.html#data-product-name
data product name¶;True Universe Output Product;SIM Data Products;https://euclid.esac.esa.int/msp/dpdd/live/simdpd/dpcards/sim_trueuniverseoutput.html#data-product-name
data product name¶;Output Validation Product;SIM Data Products;https://euclid.esac.esa.int/msp/dpdd/live/simdpd/dpcards/sim_validationproduct.html#data-product-name
data product name¶;Vis Input Configuration Product;SIM Data Products;https://euclid.esac.esa.int/msp/dpdd/live/simdpd/dpcards/sim_visinputconfiguration.html#data-product-name
data product name¶;Vis Brighter Fatter Product;VIS Data Products;https://euclid.esac.esa.int/msp/dpdd/live/visdpd/dpcards/vis_BFEModel.html#data-product-name
data product name¶;Vis Analysis Results Product;VIS Data Products;https://euclid.esac.esa.int/msp/dpdd/live/visdpd/dpcards/vis_analysisresults.html#data-product-name
data product name¶;Vis Blooming Model Product;VIS Data Products;https://euclid.esac.esa.int/msp/dpdd/live/visdpd/dpcards/vis_bloomingmodel.html#data-product-name
data product name¶;Calibrated Frame Product;VIS Data Products;https://euclid.esac.esa.int/msp/dpdd/live/visdpd/dpcards/vis_calibratedframe.html#data-product-name
data product name¶;Calibrated Catalogue Product;VIS Data Products;https://euclid.esac.esa.int/msp/dpdd/live/visdpd/dpcards/vis_calibratedframecatalog.html#data-product-name
data product name¶;Calibrated Quad Frame Product;VIS Data Products;https://euclid.esac.esa.int/msp/dpdd/live/visdpd/dpcards/vis_calibratedquadframe.html#data-product-name
data product name¶;Vis Configuration File Product;VIS Data Products;https://euclid.esac.esa.int/msp/dpdd/live/visdpd/dpcards/vis_configuration.html#data-product-name
data product name¶;CTI Calibration Results Product;VIS Data Products;https://euclid.esac.esa.int/msp/dpdd/live/visdpd/dpcards/vis_cticalibrationresults.html#data-product-name
data product name¶;Vis CTI Model Product;VIS Data Products;https://euclid.esac.esa.int/msp/dpdd/live/visdpd/dpcards/vis_ctimodel.html#data-product-name
data product name¶;CTI Time Evolution Model Product;VIS Data Products;https://euclid.esac.esa.int/msp/dpdd/live/visdpd/dpcards/vis_ctitimeevolutionmodel.html#data-product-name
data product name¶;Vis Diffraction Spikes Focus Product;VIS Data Products;https://euclid.esac.esa.int/msp/dpdd/live/visdpd/dpcards/vis_diffractionspikesfocus.html#data-product-name
data product name¶;Distortion Model Product;VIS Data Products;https://euclid.esac.esa.int/msp/dpdd/live/visdpd/dpcards/vis_distortionmodel.html#data-product-name
data product name¶;Vis File Container Product;VIS Data Products;https://euclid.esac.esa.int/msp/dpdd/live/visdpd/dpcards/vis_filecontainer.html#data-product-name
data product name¶;Vis Flag Map Product;VIS Data Products;https://euclid.esac.esa.int/msp/dpdd/live/visdpd/dpcards/vis_flagmap.html#data-product-name
data product name¶;Vis Gain Model Product;VIS Data Products;https://euclid.esac.esa.int/msp/dpdd/live/visdpd/dpcards/vis_gainmodel.html#data-product-name
data product name¶;Vis Ghost Catalogue Product;VIS Data Products;https://euclid.esac.esa.int/msp/dpdd/live/visdpd/dpcards/vis_ghostcatalogue.html#data-product-name
data product name¶;Ghost Position Model Product;VIS Data Products;https://euclid.esac.esa.int/msp/dpdd/live/visdpd/dpcards/vis_ghostpositionmodel.html#data-product-name
data product name¶;Vis Large Flat Frame Product;VIS Data Products;https://euclid.esac.esa.int/msp/dpdd/live/visdpd/dpcards/vis_largeflatframe.html#data-product-name
data product name¶;Vis Master Bias Frame Product;VIS Data Products;https://euclid.esac.esa.int/msp/dpdd/live/visdpd/dpcards/vis_masterbiasframe.html#data-product-name
data product name¶;Vis Master CI Frame Product;VIS Data Products;https://euclid.esac.esa.int/msp/dpdd/live/visdpd/dpcards/vis_masterciframe.html#data-product-name
data product name¶;Vis Master Dark Frame Product;VIS Data Products;https://euclid.esac.esa.int/msp/dpdd/live/visdpd/dpcards/vis_masterdarkframe.html#data-product-name
data product name¶;Vis Master Flat Frame Product;VIS Data Products;https://euclid.esac.esa.int/msp/dpdd/live/visdpd/dpcards/vis_masterflatframe.html#data-product-name
data product name¶;Vis Non Linearity Correction Product;VIS Data Products;https://euclid.esac.esa.int/msp/dpdd/live/visdpd/dpcards/vis_nonlin_correction.html#data-product-name
data product name¶;Vis Non Linearity Model Product;VIS Data Products;https://euclid.esac.esa.int/msp/dpdd/live/visdpd/dpcards/vis_nonlinearitymodel.html#data-product-name
data product name¶;Vis Persistence Model Product;VIS Data Products;https://euclid.esac.esa.int/msp/dpdd/live/visdpd/dpcards/vis_persistencemodel.html#data-product-name
data product name¶;Vis Pixel Bounce Product;VIS Data Products;https://euclid.esac.esa.int/msp/dpdd/live/visdpd/dpcards/vis_pixelbouncemodel.html#data-product-name
data product name¶;Vis PSF Model Product;VIS Data Products;https://euclid.esac.esa.int/msp/dpdd/live/visdpd/dpcards/vis_psfmodel.html#data-product-name
data product name¶;Vis RON Model Product;VIS Data Products;https://euclid.esac.esa.int/msp/dpdd/live/visdpd/dpcards/vis_ronmodel.html#data-product-name
data product name¶;Vis Shutter Model Product;VIS Data Products;https://euclid.esac.esa.int/msp/dpdd/live/visdpd/dpcards/vis_shuttermodel.html#data-product-name
data product name¶;Vis Stacked Frame Product;VIS Data Products;https://euclid.esac.esa.int/msp/dpdd/live/visdpd/dpcards/vis_stackedframe.html#data-product-name
data product name¶;Stacked Catalogue Product;VIS Data Products;https://euclid.esac.esa.int/msp/dpdd/live/visdpd/dpcards/vis_stackedframecatalog.html#data-product-name
data product name¶;Vis Star Mask Product;VIS Data Products;https://euclid.esac.esa.int/msp/dpdd/live/visdpd/dpcards/vis_starmask.html#data-product-name
data product name¶;Vis Trap Pumping Model Product;VIS Data Products;https://euclid.esac.esa.int/msp/dpdd/live/visdpd/dpcards/vis_trappumpingmodel.html#data-product-name
data product name¶;Vis Trap Pumping Results Product;VIS Data Products;https://euclid.esac.esa.int/msp/dpdd/live/visdpd/dpcards/vis_trappumpingresults.html#data-product-name
data product name¶;Validation Requirements Data Product;VIS Data Products;https://euclid.esac.esa.int/msp/dpdd/live/visdpd/dpcards/vis_validationrequirements.html#data-product-name
data product name¶;Validation Result Data Product;VIS Data Products;https://euclid.esac.esa.int/msp/dpdd/live/visdpd/dpcards/vis_validationresult.html#data-product-name
data product name¶;Vis XTalk Frame Product;VIS Data Products;https://euclid.esac.esa.int/msp/dpdd/live/visdpd/dpcards/vis_xtalk.html#data-product-name
data product name¶;Vis Zero PointProduct;VIS Data Products;https://euclid.esac.esa.int/msp/dpdd/live/visdpd/dpcards/vis_zeropoint.html#data-product-name
data product custodian¶;HK/TM Product;LE1 Data Products;https://euclid.esac.esa.int/msp/dpdd/live/le1dpd/dpcards/hktm_product.html#data-product-custodian
data product custodian¶;NISP Raw Frame Product;LE1 Data Products;https://euclid.esac.esa.int/msp/dpdd/live/le1dpd/dpcards/le1_nisprawframe.html#data-product-custodian
data product custodian¶;Vis Raw Frame Product;LE1 Data Products;https://euclid.esac.esa.int/msp/dpdd/live/le1dpd/dpcards/le1_visrawframe.html#data-product-custodian
data product custodian¶;Ext Input Configuration Product;SIM Data Products;https://euclid.esac.esa.int/msp/dpdd/live/simdpd/dpcards/sim_extinputconfiguration.html#data-product-custodian
data product custodian¶;Galaxy Catalog Product;SIM Data Products;https://euclid.esac.esa.int/msp/dpdd/live/simdpd/dpcards/sim_galaxycatalogproduct.html#data-product-custodian
data product custodian¶;Nip Input Configuration Product;SIM Data Products;https://euclid.esac.esa.int/msp/dpdd/live/simdpd/dpcards/sim_nipinputconfiguration.html#data-product-custodian
data product custodian¶;Nis Input Configuration Product;SIM Data Products;https://euclid.esac.esa.int/msp/dpdd/live/simdpd/dpcards/sim_nisinputconfiguration.html#data-product-custodian
data product custodian¶;Sim Request Product;SIM Data Products;https://euclid.esac.esa.int/msp/dpdd/live/simdpd/dpcards/sim_simrequest.html#data-product-custodian
data product custodian¶;SSO Catalog Product;SIM Data Products;https://euclid.esac.esa.int/msp/dpdd/live/simdpd/dpcards/sim_ssocatalogproduct.html#data-product-custodian
data product custodian¶;Star Catalog Product;SIM Data Products;https://euclid.esac.esa.int/msp/dpdd/live/simdpd/dpcards/sim_starcatalogproduct.html#data-product-custodian
data product custodian¶;True Universe Output Product;SIM Data Products;https://euclid.esac.esa.int/msp/dpdd/live/simdpd/dpcards/sim_trueuniverseoutput.html#data-product-custodian
data product custodian¶;Output Validation Product;SIM Data Products;https://euclid.esac.esa.int/msp/dpdd/live/simdpd/dpcards/sim_validationproduct.html#data-product-custodian
data product custodian¶;Vis Input Configuration Product;SIM Data Products;https://euclid.esac.esa.int/msp/dpdd/live/simdpd/dpcards/sim_visinputconfiguration.html#data-product-custodian
data product custodian¶;Vis Brighter Fatter Product;VIS Data Products;https://euclid.esac.esa.int/msp/dpdd/live/visdpd/dpcards/vis_BFEModel.html#data-product-custodian
data product custodian¶;Vis Analysis Results Product;VIS Data Products;https://euclid.esac.esa.int/msp/dpdd/live/visdpd/dpcards/vis_analysisresults.html#data-product-custodian
data product custodian¶;Vis Blooming Model Product;VIS Data Products;https://euclid.esac.esa.int/msp/dpdd/live/visdpd/dpcards/vis_bloomingmodel.html#data-product-custodian
data product custodian¶;Calibrated Frame Product;VIS Data Products;https://euclid.esac.esa.int/msp/dpdd/live/visdpd/dpcards/vis_calibratedframe.html#data-product-custodian
data product custodian¶;Calibrated Catalogue Product;VIS Data Products;https://euclid.esac.esa.int/msp/dpdd/live/visdpd/dpcards/vis_calibratedframecatalog.html#data-product-custodian
data product custodian¶;Calibrated Quad Frame Product;VIS Data Products;https://euclid.esac.esa.int/msp/dpdd/live/visdpd/dpcards/vis_calibratedquadframe.html#data-product-custodian
data product custodian¶;Vis Configuration File Product;VIS Data Products;https://euclid.esac.esa.int/msp/dpdd/live/visdpd/dpcards/vis_configuration.html#data-product-custodian
data product custodian¶;CTI Calibration Results Product;VIS Data Products;https://euclid.esac.esa.int/msp/dpdd/live/visdpd/dpcards/vis_cticalibrationresults.html#data-product-custodian
data product custodian¶;Vis CTI Model Product;VIS Data Products;https://euclid.esac.esa.int/msp/dpdd/live/visdpd/dpcards/vis_ctimodel.html#data-product-custodian
data product custodian¶;CTI Time Evolution Model Product;VIS Data Products;https://euclid.esac.esa.int/msp/dpdd/live/visdpd/dpcards/vis_ctitimeevolutionmodel.html#data-product-custodian
data product custodian¶;Vis Diffraction Spikes Focus Product;VIS Data Products;https://euclid.esac.esa.int/msp/dpdd/live/visdpd/dpcards/vis_diffractionspikesfocus.html#data-product-custodian
data product custodian¶;Distortion Model Product;VIS Data Products;https://euclid.esac.esa.int/msp/dpdd/live/visdpd/dpcards/vis_distortionmodel.html#data-product-custodian
data product custodian¶;Vis File Container Product;VIS Data Products;https://euclid.esac.esa.int/msp/dpdd/live/visdpd/dpcards/vis_filecontainer.html#data-product-custodian
data product custodian¶;Vis Flag Map Product;VIS Data Products;https://euclid.esac.esa.int/msp/dpdd/live/visdpd/dpcards/vis_flagmap.html#data-product-custodian
data product custodian¶;Vis Gain Model Product;VIS Data Products;https://euclid.esac.esa.int/msp/dpdd/live/visdpd/dpcards/vis_gainmodel.html#data-product-custodian
data product custodian¶;Vis Ghost Catalogue Product;VIS Data Products;https://euclid.esac.esa.int/msp/dpdd/live/visdpd/dpcards/vis_ghostcatalogue.html#data-product-custodian
data product custodian¶;Ghost Position Model Product;VIS Data Products;https://euclid.esac.esa.int/msp/dpdd/live/visdpd/dpcards/vis_ghostpositionmodel.html#data-product-custodian
data product custodian¶;Vis Large Flat Frame Product;VIS Data Products;https://euclid.esac.esa.int/msp/dpdd/live/visdpd/dpcards/vis_largeflatframe.html#data-product-custodian
data product custodian¶;Vis Master Bias Frame Product;VIS Data Products;https://euclid.esac.esa.int/msp/dpdd/live/visdpd/dpcards/vis_masterbiasframe.html#data-product-custodian
data product custodian¶;Vis Master CI Frame Product;VIS Data Products;https://euclid.esac.esa.int/msp/dpdd/live/visdpd/dpcards/vis_masterciframe.html#data-product-custodian
data product custodian¶;Vis Master Dark Frame Product;VIS Data Products;https://euclid.esac.esa.int/msp/dpdd/live/visdpd/dpcards/vis_masterdarkframe.html#data-product-custodian
data product custodian¶;Vis Master Flat Frame Product;VIS Data Products;https://euclid.esac.esa.int/msp/dpdd/live/visdpd/dpcards/vis_masterflatframe.html#data-product-custodian
data product custodian¶;Vis Non Linearity Correction Product;VIS Data Products;https://euclid.esac.esa.int/msp/dpdd/live/visdpd/dpcards/vis_nonlin_correction.html#data-product-custodian
data product custodian¶;Vis Non Linearity Model Product;VIS Data Products;https://euclid.esac.esa.int/msp/dpdd/live/visdpd/dpcards/vis_nonlinearitymodel.html#data-product-custodian
data product custodian¶;Vis Persistence Model Product;VIS Data Products;https://euclid.esac.esa.int/msp/dpdd/live/visdpd/dpcards/vis_persistencemodel.html#data-product-custodian
data product custodian¶;Vis Pixel Bounce Product;VIS Data Products;https://euclid.esac.esa.int/msp/dpdd/live/visdpd/dpcards/vis_pixelbouncemodel.html#data-product-custodian
data product custodian¶;Vis PSF Model Product;VIS Data Products;https://euclid.esac.esa.int/msp/dpdd/live/visdpd/dpcards/vis_psfmodel.html#data-product-custodian
data product custodian¶;Vis RON Model Product;VIS Data Products;https://euclid.esac.esa.int/msp/dpdd/live/visdpd/dpcards/vis_ronmodel.html#data-product-custodian
data product custodian¶;Vis Shutter Model Product;VIS Data Products;https://euclid.esac.esa.int/msp/dpdd/live/visdpd/dpcards/vis_shuttermodel.html#data-product-custodian
data product custodian¶;Vis Stacked Frame Product;VIS Data Products;https://euclid.esac.esa.int/msp/dpdd/live/visdpd/dpcards/vis_stackedframe.html#data-product-custodian
data product custodian¶;Stacked Catalogue Product;VIS Data Products;https://euclid.esac.esa.int/msp/dpdd/live/visdpd/dpcards/vis_stackedframecatalog.html#data-product-custodian
data product custodian¶;Vis Star Mask Product;VIS Data Products;https://euclid.esac.esa.int/msp/dpdd/live/visdpd/dpcards/vis_starmask.html#data-product-custodian
data product custodian¶;Vis Trap Pumping Model Product;VIS Data Products;https://euclid.esac.esa.int/msp/dpdd/live/visdpd/dpcards/vis_trappumpingmodel.html#data-product-custodian
data product custodian¶;Vis Trap Pumping Results Product;VIS Data Products;https://euclid.esac.esa.int/msp/dpdd/live/visdpd/dpcards/vis_trappumpingresults.html#data-product-custodian
data product custodian¶;Validation Requirements Data Product;VIS Data Products;https://euclid.esac.esa.int/msp/dpdd/live/visdpd/dpcards/vis_validationrequirements.html#data-product-custodian
data product custodian¶;Validation Result Data Product;VIS Data Products;https://euclid.esac.esa.int/msp/dpdd/live/visdpd/dpcards/vis_validationresult.html#data-product-custodian
data product custodian¶;Vis XTalk Frame Product;VIS Data Products;https://euclid.esac.esa.int/msp/dpdd/live/visdpd/dpcards/vis_xtalk.html#data-product-custodian
data product custodian¶;Vis Zero PointProduct;VIS Data Products;https://euclid.esac.esa.int/msp/dpdd/live/visdpd/dpcards/vis_zeropoint.html#data-product-custodian
name of the schema file¶;HK/TM Product;LE1 Data Products;https://euclid.esac.esa.int/msp/dpdd/live/le1dpd/dpcards/hktm_product.html#name-of-the-schema-file
name of the schema file¶;NISP Raw Frame Product;LE1 Data Products;https://euclid.esac.esa.int/msp/dpdd/live/le1dpd/dpcards/le1_nisprawframe.html#name-of-the-schema-file
name of the schema file¶;Vis Raw Frame Product;LE1 Data Products;https://euclid.esac.esa.int/msp/dpdd/live/le1dpd/dpcards/le1_visrawframe.html#name-of-the-schema-file
name of the schema file¶;Ext Input Configuration Product;SIM Data Products;https://euclid.esac.esa.int/msp/dpdd/live/simdpd/dpcards/sim_extinputconfiguration.html#name-of-the-schema-file
name of the schema file¶;Galaxy Catalog Product;SIM Data Products;https://euclid.esac.esa.int/msp/dpdd/live/simdpd/dpcards/sim_galaxycatalogproduct.html#name-of-the-schema-file
name of the schema file¶;Nip Input Configuration Product;SIM Data Products;https://euclid.esac.esa.int/msp/dpdd/live/simdpd/dpcards/sim_nipinputconfiguration.html#name-of-the-schema-file
name of the schema file¶;Nis Input Configuration Product;SIM Data Products;https://euclid.esac.esa.int/msp/dpdd/live/simdpd/dpcards/sim_nisinputconfiguration.html#name-of-the-schema-file
name of the schema file¶;Sim Request Product;SIM Data Products;https://euclid.esac.esa.int/msp/dpdd/live/simdpd/dpcards/sim_simrequest.html#name-of-the-schema-file
name of the schema file¶;SSO Catalog Product;SIM Data Products;https://euclid.esac.esa.int/msp/dpdd/live/simdpd/dpcards/sim_ssocatalogproduct.html#name-of-the-schema-file
name of the schema file¶;Star Catalog Product;SIM Data Products;https://euclid.esac.esa.int/msp/dpdd/live/simdpd/dpcards/sim_starcatalogproduct.html#name-of-the-schema-file
name of the schema file¶;True Universe Output Product;SIM Data Products;https://euclid.esac.esa.int/msp/dpdd/live/simdpd/dpcards/sim_trueuniverseoutput.html#name-of-the-schema-file
name of the schema file¶;Output Validation Product;SIM Data Products;https://euclid.esac.esa.int/msp/dpdd/live/simdpd/dpcards/sim_validationproduct.html#name-of-the-schema-file
name of the schema file¶;Vis Input Configuration Product;SIM Data Products;https://euclid.esac.esa.int/msp/dpdd/live/simdpd/dpcards/sim_visinputconfiguration.html#name-of-the-schema-file
name of the schema file¶;Vis Brighter Fatter Product;VIS Data Products;https://euclid.esac.esa.int/msp/dpdd/live/visdpd/dpcards/vis_BFEModel.html#name-of-the-schema-file
name of the schema file¶;Vis Analysis Results Product;VIS Data Products;https://euclid.esac.esa.int/msp/dpdd/live/visdpd/dpcards/vis_analysisresults.html#name-of-the-schema-file
name of the schema file¶;Vis Blooming Model Product;VIS Data Products;https://euclid.esac.esa.int/msp/dpdd/live/visdpd/dpcards/vis_bloomingmodel.html#name-of-the-schema-file
name of the schema file¶;Calibrated Frame Product;VIS Data Products;https://euclid.esac.esa.int/msp/dpdd/live/visdpd/dpcards/vis_calibratedframe.html#name-of-the-schema-file
name of the schema file¶;Calibrated Catalogue Product;VIS Data Products;https://euclid.esac.esa.int/msp/dpdd/live/visdpd/dpcards/vis_calibratedframecatalog.html#name-of-the-schema-file
name of the schema file¶;Calibrated Quad Frame Product;VIS Data Products;https://euclid.esac.esa.int/msp/dpdd/live/visdpd/dpcards/vis_calibratedquadframe.html#name-of-the-schema-file
name of the schema file¶;Vis Configuration File Product;VIS Data Products;https://euclid.esac.esa.int/msp/dpdd/live/visdpd/dpcards/vis_configuration.html#name-of-the-schema-file
name of the schema file¶;CTI Calibration Results Product;VIS Data Products;https://euclid.esac.esa.int/msp/dpdd/live/visdpd/dpcards/vis_cticalibrationresults.html#name-of-the-schema-file
name of the schema file¶;Vis CTI Model Product;VIS Data Products;https://euclid.esac.esa.int/msp/dpdd/live/visdpd/dpcards/vis_ctimodel.html#name-of-the-schema-file
name of the schema file¶;CTI Time Evolution Model Product;VIS Data Products;https://euclid.esac.esa.int/msp/dpdd/live/visdpd/dpcards/vis_ctitimeevolutionmodel.html#name-of-the-schema-file
name of the schema file¶;Vis Diffraction Spikes Focus Product;VIS Data Products;https://euclid.esac.esa.int/msp/dpdd/live/visdpd/dpcards/vis_diffractionspikesfocus.html#name-of-the-schema-file
name of the schema file¶;Distortion Model Product;VIS Data Products;https://euclid.esac.esa.int/msp/dpdd/live/visdpd/dpcards/vis_distortionmodel.html#name-of-the-schema-file
name of the schema file¶;Vis File Container Product;VIS Data Products;https://euclid.esac.esa.int/msp/dpdd/live/visdpd/dpcards/vis_filecontainer.html#name-of-the-schema-file
name of the schema file¶;Vis Flag Map Product;VIS Data Products;https://euclid.esac.esa.int/msp/dpdd/live/visdpd/dpcards/vis_flagmap.html#name-of-the-schema-file
name of the schema file¶;Vis Gain Model Product;VIS Data Products;https://euclid.esac.esa.int/msp/dpdd/live/visdpd/dpcards/vis_gainmodel.html#name-of-the-schema-file
name of the schema file¶;Vis Ghost Catalogue Product;VIS Data Products;https://euclid.esac.esa.int/msp/dpdd/live/visdpd/dpcards/vis_ghostcatalogue.html#name-of-the-schema-file
name of the schema file¶;Ghost Position Model Product;VIS Data Products;https://euclid.esac.esa.int/msp/dpdd/live/visdpd/dpcards/vis_ghostpositionmodel.html#name-of-the-schema-file
name of the schema file¶;Vis Large Flat Frame Product;VIS Data Products;https://euclid.esac.esa.int/msp/dpdd/live/visdpd/dpcards/vis_largeflatframe.html#name-of-the-schema-file
name of the schema file¶;Vis Master Bias Frame Product;VIS Data Products;https://euclid.esac.esa.int/msp/dpdd/live/visdpd/dpcards/vis_masterbiasframe.html#name-of-the-schema-file
name of the schema file¶;Vis Master CI Frame Product;VIS Data Products;https://euclid.esac.esa.int/msp/dpdd/live/visdpd/dpcards/vis_masterciframe.html#name-of-the-schema-file
name of the schema file¶;Vis Master Dark Frame Product;VIS Data Products;https://euclid.esac.esa.int/msp/dpdd/live/visdpd/dpcards/vis_masterdarkframe.html#name-of-the-schema-file
name of the schema file¶;Vis Master Flat Frame Product;VIS Data Products;https://euclid.esac.esa.int/msp/dpdd/live/visdpd/dpcards/vis_masterflatframe.html#name-of-the-schema-file
name of the schema file¶;Vis Non Linearity Correction Product;VIS Data Products;https://euclid.esac.esa.int/msp/dpdd/live/visdpd/dpcards/vis_nonlin_correction.html#name-of-the-schema-file
name of the schema file¶;Vis Non Linearity Model Product;VIS Data Products;https://euclid.esac.esa.int/msp/dpdd/live/visdpd/dpcards/vis_nonlinearitymodel.html#name-of-the-schema-file
name of the schema file¶;Vis Persistence Model Product;VIS Data Products;https://euclid.esac.esa.int/msp/dpdd/live/visdpd/dpcards/vis_persistencemodel.html#name-of-the-schema-file
name of the schema file¶;Vis Pixel Bounce Product;VIS Data Products;https://euclid.esac.esa.int/msp/dpdd/live/visdpd/dpcards/vis_pixelbouncemodel.html#name-of-the-schema-file
name of the schema file¶;Vis PSF Model Product;VIS Data Products;https://euclid.esac.esa.int/msp/dpdd/live/visdpd/dpcards/vis_psfmodel.html#name-of-the-schema-file
name of the schema file¶;Vis RON Model Product;VIS Data Products;https://euclid.esac.esa.int/msp/dpdd/live/visdpd/dpcards/vis_ronmodel.html#name-of-the-schema-file
name of the schema file¶;Vis Shutter Model Product;VIS Data Products;https://euclid.esac.esa.int/msp/dpdd/live/visdpd/dpcards/vis_shuttermodel.html#name-of-the-schema-file
name of the schema file¶;Vis Stacked Frame Product;VIS Data Products;https://euclid.esac.esa.int/msp/dpdd/live/visdpd/dpcards/vis_stackedframe.html#name-of-the-schema-file
name of the schema file¶;Stacked Catalogue Product;VIS Data Products;https://euclid.esac.esa.int/msp/dpdd/live/visdpd/dpcards/vis_stackedframecatalog.html#name-of-the-schema-file
name of the schema file¶;Vis Star Mask Product;VIS Data Products;https://euclid.esac.esa.int/msp/dpdd/live/visdpd/dpcards/vis_starmask.html#name-of-the-schema-file
name of the schema file¶;Vis Trap Pumping Model Product;VIS Data Products;https://euclid.esac.esa.int/msp/dpdd/live/visdpd/dpcards/vis_trappumpingmodel.html#name-of-the-schema-file
name of the schema file¶;Vis Trap Pumping Results Product;VIS Data Products;https://euclid.esac.esa.int/msp/dpdd/live/visdpd/dpcards/vis_trappumpingresults.html#name-of-the-schema-file
name of the schema file¶;Validation Requirements Data Product;VIS Data Products;https://euclid.esac.esa.int/msp/dpdd/live/visdpd/dpcards/vis_validationrequirements.html#name-of-the-schema-file
name of the schema file¶;Validation Result Data Product;VIS Data Products;https://euclid.esac.esa.int/msp/dpdd/live/visdpd/dpcards/vis_validationresult.html#name-of-the-schema-file
name of the schema file¶;Vis XTalk Frame Product;VIS Data Products;https://euclid.esac.esa.int/msp/dpdd/live/visdpd/dpcards/vis_xtalk.html#name-of-the-schema-file
name of the schema file¶;Vis Zero PointProduct;VIS Data Products;https://euclid.esac.esa.int/msp/dpdd/live/visdpd/dpcards/vis_zeropoint.html#name-of-the-schema-file
processing element(s) creating/using the data product¶;HK/TM Product;LE1 Data Products;https://euclid.esac.esa.int/msp/dpdd/live/le1dpd/dpcards/hktm_product.html#processing-element-s-creating-using-the-data-product
processing element(s) creating/using the data product¶;Vis Raw Frame Product;LE1 Data Products;https://euclid.esac.esa.int/msp/dpdd/live/le1dpd/dpcards/le1_visrawframe.html#processing-element-s-creating-using-the-data-product
processing element(s) creating/using the data product¶;Vis Brighter Fatter Product;VIS Data Products;https://euclid.esac.esa.int/msp/dpdd/live/visdpd/dpcards/vis_BFEModel.html#processing-element-s-creating-using-the-data-product
processing element(s) creating/using the data product¶;Vis Analysis Results Product;VIS Data Products;https://euclid.esac.esa.int/msp/dpdd/live/visdpd/dpcards/vis_analysisresults.html#processing-element-s-creating-using-the-data-product
processing element(s) creating/using the data product¶;Vis Blooming Model Product;VIS Data Products;https://euclid.esac.esa.int/msp/dpdd/live/visdpd/dpcards/vis_bloomingmodel.html#processing-element-s-creating-using-the-data-product
processing element(s) creating/using the data product¶;Calibrated Frame Product;VIS Data Products;https://euclid.esac.esa.int/msp/dpdd/live/visdpd/dpcards/vis_calibratedframe.html#processing-element-s-creating-using-the-data-product
processing element(s) creating/using the data product¶;Calibrated Catalogue Product;VIS Data Products;https://euclid.esac.esa.int/msp/dpdd/live/visdpd/dpcards/vis_calibratedframecatalog.html#processing-element-s-creating-using-the-data-product
processing element(s) creating/using the data product¶;Calibrated Quad Frame Product;VIS Data Products;https://euclid.esac.esa.int/msp/dpdd/live/visdpd/dpcards/vis_calibratedquadframe.html#processing-element-s-creating-using-the-data-product
processing element(s) creating/using the data product¶;Vis Configuration File Product;VIS Data Products;https://euclid.esac.esa.int/msp/dpdd/live/visdpd/dpcards/vis_configuration.html#processing-element-s-creating-using-the-data-product
processing element(s) creating/using the data product¶;CTI Calibration Results Product;VIS Data Products;https://euclid.esac.esa.int/msp/dpdd/live/visdpd/dpcards/vis_cticalibrationresults.html#processing-element-s-creating-using-the-data-product
processing element(s) creating/using the data product¶;Vis CTI Model Product;VIS Data Products;https://euclid.esac.esa.int/msp/dpdd/live/visdpd/dpcards/vis_ctimodel.html#processing-element-s-creating-using-the-data-product
processing element(s) creating/using the data product¶;CTI Time Evolution Model Product;VIS Data Products;https://euclid.esac.esa.int/msp/dpdd/live/visdpd/dpcards/vis_ctitimeevolutionmodel.html#processing-element-s-creating-using-the-data-product
processing element(s) creating/using the data product¶;Vis Diffraction Spikes Focus Product;VIS Data Products;https://euclid.esac.esa.int/msp/dpdd/live/visdpd/dpcards/vis_diffractionspikesfocus.html#processing-element-s-creating-using-the-data-product
processing element(s) creating/using the data product¶;Distortion Model Product;VIS Data Products;https://euclid.esac.esa.int/msp/dpdd/live/visdpd/dpcards/vis_distortionmodel.html#processing-element-s-creating-using-the-data-product
processing element(s) creating/using the data product¶;Vis File Container Product;VIS Data Products;https://euclid.esac.esa.int/msp/dpdd/live/visdpd/dpcards/vis_filecontainer.html#processing-element-s-creating-using-the-data-product
processing element(s) creating/using the data product¶;Vis Flag Map Product;VIS Data Products;https://euclid.esac.esa.int/msp/dpdd/live/visdpd/dpcards/vis_flagmap.html#processing-element-s-creating-using-the-data-product
processing element(s) creating/using the data product¶;Vis Gain Model Product;VIS Data Products;https://euclid.esac.esa.int/msp/dpdd/live/visdpd/dpcards/vis_gainmodel.html#processing-element-s-creating-using-the-data-product
processing element(s) creating/using the data product¶;Vis Ghost Catalogue Product;VIS Data Products;https://euclid.esac.esa.int/msp/dpdd/live/visdpd/dpcards/vis_ghostcatalogue.html#processing-element-s-creating-using-the-data-product
processing element(s) creating/using the data product¶;Ghost Position Model Product;VIS Data Products;https://euclid.esac.esa.int/msp/dpdd/live/visdpd/dpcards/vis_ghostpositionmodel.html#processing-element-s-creating-using-the-data-product
processing element(s) creating/using the data product¶;Vis Large Flat Frame Product;VIS Data Products;https://euclid.esac.esa.int/msp/dpdd/live/visdpd/dpcards/vis_largeflatframe.html#processing-element-s-creating-using-the-data-product
processing element(s) creating/using the data product¶;Vis Master Bias Frame Product;VIS Data Products;https://euclid.esac.esa.int/msp/dpdd/live/visdpd/dpcards/vis_masterbiasframe.html#processing-element-s-creating-using-the-data-product
processing element(s) creating/using the data product¶;Vis Master CI Frame Product;VIS Data Products;https://euclid.esac.esa.int/msp/dpdd/live/visdpd/dpcards/vis_masterciframe.html#processing-element-s-creating-using-the-data-product
processing element(s) creating/using the data product¶;Vis Master Dark Frame Product;VIS Data Products;https://euclid.esac.esa.int/msp/dpdd/live/visdpd/dpcards/vis_masterdarkframe.html#processing-element-s-creating-using-the-data-product
processing element(s) creating/using the data product¶;Vis Master Flat Frame Product;VIS Data Products;https://euclid.esac.esa.int/msp/dpdd/live/visdpd/dpcards/vis_masterflatframe.html#processing-element-s-creating-using-the-data-product
processing element(s) creating/using the data product¶;Vis Non Linearity Correction Product;VIS Data Products;https://euclid.esac.esa.int/msp/dpdd/live/visdpd/dpcards/vis_nonlin_correction.html#processing-element-s-creating-using-the-data-product
processing element(s) creating/using the data product¶;Vis Non Linearity Model Product;VIS Data Products;https://euclid.esac.esa.int/msp/dpdd/live/visdpd/dpcards/vis_nonlinearitymodel.html#processing-element-s-creating-using-the-data-product
processing element(s) creating/using the data product¶;Vis Persistence Model Product;VIS Data Products;https://euclid.esac.esa.int/msp/dpdd/live/visdpd/dpcards/vis_persistencemodel.html#processing-element-s-creating-using-the-data-product
processing element(s) creating/using the data product¶;Vis Pixel Bounce Product;VIS Data Products;https://euclid.esac.esa.int/msp/dpdd/live/visdpd/dpcards/vis_pixelbouncemodel.html#processing-element-s-creating-using-the-data-product
processing element(s) creating/using the data product¶;Vis PSF Model Product;VIS Data Products;https://euclid.esac.esa.int/msp/dpdd/live/visdpd/dpcards/vis_psfmodel.html#processing-element-s-creating-using-the-data-product
processing element(s) creating/using the data product¶;Vis RON Model Product;VIS Data Products;https://euclid.esac.esa.int/msp/dpdd/live/visdpd/dpcards/vis_ronmodel.html#processing-element-s-creating-using-the-data-product
processing element(s) creating/using the data product¶;Vis Shutter Model Product;VIS Data Products;https://euclid.esac.esa.int/msp/dpdd/live/visdpd/dpcards/vis_shuttermodel.html#processing-element-s-creating-using-the-data-product
processing element(s) creating/using the data product¶;Vis Stacked Frame Product;VIS Data Products;https://euclid.esac.esa.int/msp/dpdd/live/visdpd/dpcards/vis_stackedframe.html#processing-element-s-creating-using-the-data-product
processing element(s) creating/using the data product¶;Stacked Catalogue Product;VIS Data Products;https://euclid.esac.esa.int/msp/dpdd/live/visdpd/dpcards/vis_stackedframecatalog.html#processing-element-s-creating-using-the-data-product
processing element(s) creating/using the data product¶;Vis Star Mask Product;VIS Data Products;https://euclid.esac.esa.int/msp/dpdd/live/visdpd/dpcards/vis_starmask.html#processing-element-s-creating-using-the-data-product
processing element(s) creating/using the data product¶;Vis Trap Pumping Model Product;VIS Data Products;https://euclid.esac.esa.int/msp/dpdd/live/visdpd/dpcards/vis_trappumpingmodel.html#processing-element-s-creating-using-the-data-product
processing element(s) creating/using the data product¶;Vis Trap Pumping Results Product;VIS Data Products;https://euclid.esac.esa.int/msp/dpdd/live/visdpd/dpcards/vis_trappumpingresults.html#processing-element-s-creating-using-the-data-product
processing element(s) creating/using the data product¶;Validation Requirements Data Product;VIS Data Products;https://euclid.esac.esa.int/msp/dpdd/live/visdpd/dpcards/vis_validationrequirements.html#processing-element-s-creating-using-the-data-product
processing element(s) creating/using the data product¶;Validation Result Data Product;VIS Data Products;https://euclid.esac.esa.int/msp/dpdd/live/visdpd/dpcards/vis_validationresult.html#processing-element-s-creating-using-the-data-product
processing element(s) creating/using the data product¶;Vis XTalk Frame Product;VIS Data Products;https://euclid.esac.esa.int/msp/dpdd/live/visdpd/dpcards/vis_xtalk.html#processing-element-s-creating-using-the-data-product
processing element(s) creating/using the data product¶;Vis Zero PointProduct;VIS Data Products;https://euclid.esac.esa.int/msp/dpdd/live/visdpd/dpcards/vis_zeropoint.html#processing-element-s-creating-using-the-data-product
processing function using the data product¶;HK/TM Product;LE1 Data Products;https://euclid.esac.esa.int/msp/dpdd/live/le1dpd/dpcards/hktm_product.html#processing-function-using-the-data-product
processing function using the data product¶;Vis Raw Frame Product;LE1 Data Products;https://euclid.esac.esa.int/msp/dpdd/live/le1dpd/dpcards/le1_visrawframe.html#processing-function-using-the-data-product
processing function using the data product¶;Vis Brighter Fatter Product;VIS Data Products;https://euclid.esac.esa.int/msp/dpdd/live/visdpd/dpcards/vis_BFEModel.html#processing-function-using-the-data-product
processing function using the data product¶;Vis Analysis Results Product;VIS Data Products;https://euclid.esac.esa.int/msp/dpdd/live/visdpd/dpcards/vis_analysisresults.html#processing-function-using-the-data-product
processing function using the data product¶;Vis Blooming Model Product;VIS Data Products;https://euclid.esac.esa.int/msp/dpdd/live/visdpd/dpcards/vis_bloomingmodel.html#processing-function-using-the-data-product
processing function using the data product¶;Calibrated Frame Product;VIS Data Products;https://euclid.esac.esa.int/msp/dpdd/live/visdpd/dpcards/vis_calibratedframe.html#processing-function-using-the-data-product
processing function using the data product¶;Calibrated Catalogue Product;VIS Data Products;https://euclid.esac.esa.int/msp/dpdd/live/visdpd/dpcards/vis_calibratedframecatalog.html#processing-function-using-the-data-product
processing function using the data product¶;Calibrated Quad Frame Product;VIS Data Products;https://euclid.esac.esa.int/msp/dpdd/live/visdpd/dpcards/vis_calibratedquadframe.html#processing-function-using-the-data-product
processing function using the data product¶;Vis Configuration File Product;VIS Data Products;https://euclid.esac.esa.int/msp/dpdd/live/visdpd/dpcards/vis_configuration.html#processing-function-using-the-data-product
processing function using the data product¶;CTI Calibration Results Product;VIS Data Products;https://euclid.esac.esa.int/msp/dpdd/live/visdpd/dpcards/vis_cticalibrationresults.html#processing-function-using-the-data-product
processing function using the data product¶;Vis CTI Model Product;VIS Data Products;https://euclid.esac.esa.int/msp/dpdd/live/visdpd/dpcards/vis_ctimodel.html#processing-function-using-the-data-product
processing function using the data product¶;CTI Time Evolution Model Product;VIS Data Products;https://euclid.esac.esa.int/msp/dpdd/live/visdpd/dpcards/vis_ctitimeevolutionmodel.html#processing-function-using-the-data-product
processing function using the data product¶;Vis Diffraction Spikes Focus Product;VIS Data Products;https://euclid.esac.esa.int/msp/dpdd/live/visdpd/dpcards/vis_diffractionspikesfocus.html#processing-function-using-the-data-product
processing function using the data product¶;Distortion Model Product;VIS Data Products;https://euclid.esac.esa.int/msp/dpdd/live/visdpd/dpcards/vis_distortionmodel.html#processing-function-using-the-data-product
processing function using the data product¶;Vis File Container Product;VIS Data Products;https://euclid.esac.esa.int/msp/dpdd/live/visdpd/dpcards/vis_filecontainer.html#processing-function-using-the-data-product
processing function using the data product¶;Vis Flag Map Product;VIS Data Products;https://euclid.esac.esa.int/msp/dpdd/live/visdpd/dpcards/vis_flagmap.html#processing-function-using-the-data-product
processing function using the data product¶;Vis Gain Model Product;VIS Data Products;https://euclid.esac.esa.int/msp/dpdd/live/visdpd/dpcards/vis_gainmodel.html#processing-function-using-the-data-product
processing function using the data product¶;Vis Ghost Catalogue Product;VIS Data Products;https://euclid.esac.esa.int/msp/dpdd/live/visdpd/dpcards/vis_ghostcatalogue.html#processing-function-using-the-data-product
processing function using the data product¶;Ghost Position Model Product;VIS Data Products;https://euclid.esac.esa.int/msp/dpdd/live/visdpd/dpcards/vis_ghostpositionmodel.html#processing-function-using-the-data-product
processing function using the data product¶;Vis Large Flat Frame Product;VIS Data Products;https://euclid.esac.esa.int/msp/dpdd/live/visdpd/dpcards/vis_largeflatframe.html#processing-function-using-the-data-product
processing function using the data product¶;Vis Master Bias Frame Product;VIS Data Products;https://euclid.esac.esa.int/msp/dpdd/live/visdpd/dpcards/vis_masterbiasframe.html#processing-function-using-the-data-product
processing function using the data product¶;Vis Master CI Frame Product;VIS Data Products;https://euclid.esac.esa.int/msp/dpdd/live/visdpd/dpcards/vis_masterciframe.html#processing-function-using-the-data-product
processing function using the data product¶;Vis Master Dark Frame Product;VIS Data Products;https://euclid.esac.esa.int/msp/dpdd/live/visdpd/dpcards/vis_masterdarkframe.html#processing-function-using-the-data-product
processing function using the data product¶;Vis Master Flat Frame Product;VIS Data Products;https://euclid.esac.esa.int/msp/dpdd/live/visdpd/dpcards/vis_masterflatframe.html#processing-function-using-the-data-product
processing function using the data product¶;Vis Non Linearity Correction Product;VIS Data Products;https://euclid.esac.esa.int/msp/dpdd/live/visdpd/dpcards/vis_nonlin_correction.html#processing-function-using-the-data-product
processing function using the data product¶;Vis Non Linearity Model Product;VIS Data Products;https://euclid.esac.esa.int/msp/dpdd/live/visdpd/dpcards/vis_nonlinearitymodel.html#processing-function-using-the-data-product
processing function using the data product¶;Vis Persistence Model Product;VIS Data Products;https://euclid.esac.esa.int/msp/dpdd/live/visdpd/dpcards/vis_persistencemodel.html#processing-function-using-the-data-product
processing function using the data product¶;Vis Pixel Bounce Product;VIS Data Products;https://euclid.esac.esa.int/msp/dpdd/live/visdpd/dpcards/vis_pixelbouncemodel.html#processing-function-using-the-data-product
processing function using the data product¶;Vis PSF Model Product;VIS Data Products;https://euclid.esac.esa.int/msp/dpdd/live/visdpd/dpcards/vis_psfmodel.html#processing-function-using-the-data-product
processing function using the data product¶;Vis RON Model Product;VIS Data Products;https://euclid.esac.esa.int/msp/dpdd/live/visdpd/dpcards/vis_ronmodel.html#processing-function-using-the-data-product
processing function using the data product¶;Vis Shutter Model Product;VIS Data Products;https://euclid.esac.esa.int/msp/dpdd/live/visdpd/dpcards/vis_shuttermodel.html#processing-function-using-the-data-product
processing function using the data product¶;Vis Stacked Frame Product;VIS Data Products;https://euclid.esac.esa.int/msp/dpdd/live/visdpd/dpcards/vis_stackedframe.html#processing-function-using-the-data-product
processing function using the data product¶;Stacked Catalogue Product;VIS Data Products;https://euclid.esac.esa.int/msp/dpdd/live/visdpd/dpcards/vis_stackedframecatalog.html#processing-function-using-the-data-product
processing function using the data product¶;Vis Star Mask Product;VIS Data Products;https://euclid.esac.esa.int/msp/dpdd/live/visdpd/dpcards/vis_starmask.html#processing-function-using-the-data-product
processing function using the data product¶;Vis Trap Pumping Model Product;VIS Data Products;https://euclid.esac.esa.int/msp/dpdd/live/visdpd/dpcards/vis_trappumpingmodel.html#processing-function-using-the-data-product
processing function using the data product¶;Vis Trap Pumping Results Product;VIS Data Products;https://euclid.esac.esa.int/msp/dpdd/live/visdpd/dpcards/vis_trappumpingresults.html#processing-function-using-the-data-product
processing function using the data product¶;Validation Requirements Data Product;VIS Data Products;https://euclid.esac.esa.int/msp/dpdd/live/visdpd/dpcards/vis_validationrequirements.html#processing-function-using-the-data-product
processing function using the data product¶;Validation Result Data Product;VIS Data Products;https://euclid.esac.esa.int/msp/dpdd/live/visdpd/dpcards/vis_validationresult.html#processing-function-using-the-data-product
processing function using the data product¶;Vis XTalk Frame Product;VIS Data Products;https://euclid.esac.esa.int/msp/dpdd/live/visdpd/dpcards/vis_xtalk.html#processing-function-using-the-data-product
processing function using the data product¶;Vis Zero PointProduct;VIS Data Products;https://euclid.esac.esa.int/msp/dpdd/live/visdpd/dpcards/vis_zeropoint.html#processing-function-using-the-data-product
data product elements¶;HK/TM Product;LE1 Data Products;https://euclid.esac.esa.int/msp/dpdd/live/le1dpd/dpcards/hktm_product.html#data-product-elements
data product elements¶;NISP Raw Frame Product;LE1 Data Products;https://euclid.esac.esa.int/msp/dpdd/live/le1dpd/dpcards/le1_nisprawframe.html#data-product-elements
data product elements¶;Vis Raw Frame Product;LE1 Data Products;https://euclid.esac.esa.int/msp/dpdd/live/le1dpd/dpcards/le1_visrawframe.html#data-product-elements
data product elements¶;Ext Input Configuration Product;SIM Data Products;https://euclid.esac.esa.int/msp/dpdd/live/simdpd/dpcards/sim_extinputconfiguration.html#data-product-elements
data product elements¶;Galaxy Catalog Product;SIM Data Products;https://euclid.esac.esa.int/msp/dpdd/live/simdpd/dpcards/sim_galaxycatalogproduct.html#data-product-elements
data product elements¶;Nip Input Configuration Product;SIM Data Products;https://euclid.esac.esa.int/msp/dpdd/live/simdpd/dpcards/sim_nipinputconfiguration.html#data-product-elements
data product elements¶;Nis Input Configuration Product;SIM Data Products;https://euclid.esac.esa.int/msp/dpdd/live/simdpd/dpcards/sim_nisinputconfiguration.html#data-product-elements
data product elements¶;Sim Request Product;SIM Data Products;https://euclid.esac.esa.int/msp/dpdd/live/simdpd/dpcards/sim_simrequest.html#data-product-elements
data product elements¶;SSO Catalog Product;SIM Data Products;https://euclid.esac.esa.int/msp/dpdd/live/simdpd/dpcards/sim_ssocatalogproduct.html#data-product-elements
data product elements¶;Star Catalog Product;SIM Data Products;https://euclid.esac.esa.int/msp/dpdd/live/simdpd/dpcards/sim_starcatalogproduct.html#data-product-elements
data product elements¶;True Universe Output Product;SIM Data Products;https://euclid.esac.esa.int/msp/dpdd/live/simdpd/dpcards/sim_trueuniverseoutput.html#data-product-elements
data product elements¶;Output Validation Product;SIM Data Products;https://euclid.esac.esa.int/msp/dpdd/live/simdpd/dpcards/sim_validationproduct.html#data-product-elements
data product elements¶;Vis Input Configuration Product;SIM Data Products;https://euclid.esac.esa.int/msp/dpdd/live/simdpd/dpcards/sim_visinputconfiguration.html#data-product-elements
data product elements¶;Vis Brighter Fatter Product;VIS Data Products;https://euclid.esac.esa.int/msp/dpdd/live/visdpd/dpcards/vis_BFEModel.html#data-product-elements
data product elements¶;Vis Analysis Results Product;VIS Data Products;https://euclid.esac.esa.int/msp/dpdd/live/visdpd/dpcards/vis_analysisresults.html#data-product-elements
data product elements¶;Vis Blooming Model Product;VIS Data Products;https://euclid.esac.esa.int/msp/dpdd/live/visdpd/dpcards/vis_bloomingmodel.html#data-product-elements
data product elements¶;Calibrated Frame Product;VIS Data Products;https://euclid.esac.esa.int/msp/dpdd/live/visdpd/dpcards/vis_calibratedframe.html#data-product-elements
data product elements¶;Calibrated Catalogue Product;VIS Data Products;https://euclid.esac.esa.int/msp/dpdd/live/visdpd/dpcards/vis_calibratedframecatalog.html#data-product-elements
data product elements¶;Calibrated Quad Frame Product;VIS Data Products;https://euclid.esac.esa.int/msp/dpdd/live/visdpd/dpcards/vis_calibratedquadframe.html#data-product-elements
data product elements¶;Vis Configuration File Product;VIS Data Products;https://euclid.esac.esa.int/msp/dpdd/live/visdpd/dpcards/vis_configuration.html#data-product-elements
data product elements¶;CTI Calibration Results Product;VIS Data Products;https://euclid.esac.esa.int/msp/dpdd/live/visdpd/dpcards/vis_cticalibrationresults.html#data-product-elements
data product elements¶;Vis CTI Model Product;VIS Data Products;https://euclid.esac.esa.int/msp/dpdd/live/visdpd/dpcards/vis_ctimodel.html#data-product-elements
data product elements¶;CTI Time Evolution Model Product;VIS Data Products;https://euclid.esac.esa.int/msp/dpdd/live/visdpd/dpcards/vis_ctitimeevolutionmodel.html#data-product-elements
data product elements¶;Vis Diffraction Spikes Focus Product;VIS Data Products;https://euclid.esac.esa.int/msp/dpdd/live/visdpd/dpcards/vis_diffractionspikesfocus.html#data-product-elements
data product elements¶;Distortion Model Product;VIS Data Products;https://euclid.esac.esa.int/msp/dpdd/live/visdpd/dpcards/vis_distortionmodel.html#data-product-elements
data product elements¶;Vis File Container Product;VIS Data Products;https://euclid.esac.esa.int/msp/dpdd/live/visdpd/dpcards/vis_filecontainer.html#data-product-elements
data product elements¶;Vis Flag Map Product;VIS Data Products;https://euclid.esac.esa.int/msp/dpdd/live/visdpd/dpcards/vis_flagmap.html#data-product-elements
data product elements¶;Vis Gain Model Product;VIS Data Products;https://euclid.esac.esa.int/msp/dpdd/live/visdpd/dpcards/vis_gainmodel.html#data-product-elements
data product elements¶;Vis Ghost Catalogue Product;VIS Data Products;https://euclid.esac.esa.int/msp/dpdd/live/visdpd/dpcards/vis_ghostcatalogue.html#data-product-elements
data product elements¶;Ghost Position Model Product;VIS Data Products;https://euclid.esac.esa.int/msp/dpdd/live/visdpd/dpcards/vis_ghostpositionmodel.html#data-product-elements
data product elements¶;Vis Large Flat Frame Product;VIS Data Products;https://euclid.esac.esa.int/msp/dpdd/live/visdpd/dpcards/vis_largeflatframe.html#data-product-elements
data product elements¶;Vis Master Bias Frame Product;VIS Data Products;https://euclid.esac.esa.int/msp/dpdd/live/visdpd/dpcards/vis_masterbiasframe.html#data-product-elements
data product elements¶;Vis Master CI Frame Product;VIS Data Products;https://euclid.esac.esa.int/msp/dpdd/live/visdpd/dpcards/vis_masterciframe.html#data-product-elements
data product elements¶;Vis Master Dark Frame Product;VIS Data Products;https://euclid.esac.esa.int/msp/dpdd/live/visdpd/dpcards/vis_masterdarkframe.html#data-product-elements
data product elements¶;Vis Master Flat Frame Product;VIS Data Products;https://euclid.esac.esa.int/msp/dpdd/live/visdpd/dpcards/vis_masterflatframe.html#data-product-elements
data product elements¶;Vis Non Linearity Correction Product;VIS Data Products;https://euclid.esac.esa.int/msp/dpdd/live/visdpd/dpcards/vis_nonlin_correction.html#data-product-elements
data product elements¶;Vis Non Linearity Model Product;VIS Data Products;https://euclid.esac.esa.int/msp/dpdd/live/visdpd/dpcards/vis_nonlinearitymodel.html#data-product-elements
data product elements¶;Vis Persistence Model Product;VIS Data Products;https://euclid.esac.esa.int/msp/dpdd/live/visdpd/dpcards/vis_persistencemodel.html#data-product-elements
data product elements¶;Vis Pixel Bounce Product;VIS Data Products;https://euclid.esac.esa.int/msp/dpdd/live/visdpd/dpcards/vis_pixelbouncemodel.html#data-product-elements
data product elements¶;Vis PSF Model Product;VIS Data Products;https://euclid.esac.esa.int/msp/dpdd/live/visdpd/dpcards/vis_psfmodel.html#data-product-elements
data product elements¶;Vis RON Model Product;VIS Data Products;https://euclid.esac.esa.int/msp/dpdd/live/visdpd/dpcards/vis_ronmodel.html#data-product-elements
data product elements¶;Vis Shutter Model Product;VIS Data Products;https://euclid.esac.esa.int/msp/dpdd/live/visdpd/dpcards/vis_shuttermodel.html#data-product-elements
data product elements¶;Vis Stacked Frame Product;VIS Data Products;https://euclid.esac.esa.int/msp/dpdd/live/visdpd/dpcards/vis_stackedframe.html#data-product-elements
data product elements¶;Stacked Catalogue Product;VIS Data Products;https://euclid.esac.esa.int/msp/dpdd/live/visdpd/dpcards/vis_stackedframecatalog.html#data-product-elements
data product elements¶;Vis Star Mask Product;VIS Data Products;https://euclid.esac.esa.int/msp/dpdd/live/visdpd/dpcards/vis_starmask.html#data-product-elements
data product elements¶;Vis Trap Pumping Model Product;VIS Data Products;https://euclid.esac.esa.int/msp/dpdd/live/visdpd/dpcards/vis_trappumpingmodel.html#data-product-elements
data product elements¶;Vis Trap Pumping Results Product;VIS Data Products;https://euclid.esac.esa.int/msp/dpdd/live/visdpd/dpcards/vis_trappumpingresults.html#data-product-elements
data product elements¶;Validation Requirements Data Product;VIS Data Products;https://euclid.esac.esa.int/msp/dpdd/live/visdpd/dpcards/vis_validationrequirements.html#data-product-elements
data product elements¶;Validation Result Data Product;VIS Data Products;https://euclid.esac.esa.int/msp/dpdd/live/visdpd/dpcards/vis_validationresult.html#data-product-elements
data product elements¶;Vis XTalk Frame Product;VIS Data Products;https://euclid.esac.esa.int/msp/dpdd/live/visdpd/dpcards/vis_xtalk.html#data-product-elements
data product elements¶;Vis Zero PointProduct;VIS Data Products;https://euclid.esac.esa.int/msp/dpdd/live/visdpd/dpcards/vis_zeropoint.html#data-product-elements
detailed description of the data product¶;HK/TM Product;LE1 Data Products;https://euclid.esac.esa.int/msp/dpdd/live/le1dpd/dpcards/hktm_product.html#detailed-description-of-the-data-product
detailed description of the data product¶;NISP Raw Frame Product;LE1 Data Products;https://euclid.esac.esa.int/msp/dpdd/live/le1dpd/dpcards/le1_nisprawframe.html#detailed-description-of-the-data-product
detailed description of the data product¶;Vis Raw Frame Product;LE1 Data Products;https://euclid.esac.esa.int/msp/dpdd/live/le1dpd/dpcards/le1_visrawframe.html#detailed-description-of-the-data-product
detailed description of the data product¶;Ext Input Configuration Product;SIM Data Products;https://euclid.esac.esa.int/msp/dpdd/live/simdpd/dpcards/sim_extinputconfiguration.html#detailed-description-of-the-data-product
detailed description of the data product¶;Galaxy Catalog Product;SIM Data Products;https://euclid.esac.esa.int/msp/dpdd/live/simdpd/dpcards/sim_galaxycatalogproduct.html#detailed-description-of-the-data-product
detailed description of the data product¶;Nip Input Configuration Product;SIM Data Products;https://euclid.esac.esa.int/msp/dpdd/live/simdpd/dpcards/sim_nipinputconfiguration.html#detailed-description-of-the-data-product
detailed description of the data product¶;Nis Input Configuration Product;SIM Data Products;https://euclid.esac.esa.int/msp/dpdd/live/simdpd/dpcards/sim_nisinputconfiguration.html#detailed-description-of-the-data-product
detailed description of the data product¶;Sim Request Product;SIM Data Products;https://euclid.esac.esa.int/msp/dpdd/live/simdpd/dpcards/sim_simrequest.html#detailed-description-of-the-data-product
detailed description of the data product¶;SSO Catalog Product;SIM Data Products;https://euclid.esac.esa.int/msp/dpdd/live/simdpd/dpcards/sim_ssocatalogproduct.html#detailed-description-of-the-data-product
detailed description of the data product¶;Star Catalog Product;SIM Data Products;https://euclid.esac.esa.int/msp/dpdd/live/simdpd/dpcards/sim_starcatalogproduct.html#detailed-description-of-the-data-product
detailed description of the data product¶;True Universe Output Product;SIM Data Products;https://euclid.esac.esa.int/msp/dpdd/live/simdpd/dpcards/sim_trueuniverseoutput.html#detailed-description-of-the-data-product
detailed description of the data product¶;Output Validation Product;SIM Data Products;https://euclid.esac.esa.int/msp/dpdd/live/simdpd/dpcards/sim_validationproduct.html#detailed-description-of-the-data-product
detailed description of the data product¶;Vis Input Configuration Product;SIM Data Products;https://euclid.esac.esa.int/msp/dpdd/live/simdpd/dpcards/sim_visinputconfiguration.html#detailed-description-of-the-data-product
detailed description of the data product¶;Vis Brighter Fatter Product;VIS Data Products;https://euclid.esac.esa.int/msp/dpdd/live/visdpd/dpcards/vis_BFEModel.html#detailed-description-of-the-data-product
detailed description of the data product¶;Vis Analysis Results Product;VIS Data Products;https://euclid.esac.esa.int/msp/dpdd/live/visdpd/dpcards/vis_analysisresults.html#detailed-description-of-the-data-product
detailed description of the data product¶;Vis Blooming Model Product;VIS Data Products;https://euclid.esac.esa.int/msp/dpdd/live/visdpd/dpcards/vis_bloomingmodel.html#detailed-description-of-the-data-product
detailed description of the data product¶;Calibrated Frame Product;VIS Data Products;https://euclid.esac.esa.int/msp/dpdd/live/visdpd/dpcards/vis_calibratedframe.html#detailed-description-of-the-data-product
detailed description of the data product¶;Calibrated Catalogue Product;VIS Data Products;https://euclid.esac.esa.int/msp/dpdd/live/visdpd/dpcards/vis_calibratedframecatalog.html#detailed-description-of-the-data-product
detailed description of the data product¶;Calibrated Quad Frame Product;VIS Data Products;https://euclid.esac.esa.int/msp/dpdd/live/visdpd/dpcards/vis_calibratedquadframe.html#detailed-description-of-the-data-product
detailed description of the data product¶;Vis Configuration File Product;VIS Data Products;https://euclid.esac.esa.int/msp/dpdd/live/visdpd/dpcards/vis_configuration.html#detailed-description-of-the-data-product
detailed description of the data product¶;CTI Calibration Results Product;VIS Data Products;https://euclid.esac.esa.int/msp/dpdd/live/visdpd/dpcards/vis_cticalibrationresults.html#detailed-description-of-the-data-product
detailed description of the data product¶;Vis CTI Model Product;VIS Data Products;https://euclid.esac.esa.int/msp/dpdd/live/visdpd/dpcards/vis_ctimodel.html#detailed-description-of-the-data-product
detailed description of the data product¶;CTI Time Evolution Model Product;VIS Data Products;https://euclid.esac.esa.int/msp/dpdd/live/visdpd/dpcards/vis_ctitimeevolutionmodel.html#detailed-description-of-the-data-product
detailed description of the data product¶;Vis Diffraction Spikes Focus Product;VIS Data Products;https://euclid.esac.esa.int/msp/dpdd/live/visdpd/dpcards/vis_diffractionspikesfocus.html#detailed-description-of-the-data-product
detailed description of the data product¶;Distortion Model Product;VIS Data Products;https://euclid.esac.esa.int/msp/dpdd/live/visdpd/dpcards/vis_distortionmodel.html#detailed-description-of-the-data-product
detailed description of the data product¶;Vis File Container Product;VIS Data Products;https://euclid.esac.esa.int/msp/dpdd/live/visdpd/dpcards/vis_filecontainer.html#detailed-description-of-the-data-product
detailed description of the data product¶;Vis Flag Map Product;VIS Data Products;https://euclid.esac.esa.int/msp/dpdd/live/visdpd/dpcards/vis_flagmap.html#detailed-description-of-the-data-product
detailed description of the data product¶;Vis Gain Model Product;VIS Data Products;https://euclid.esac.esa.int/msp/dpdd/live/visdpd/dpcards/vis_gainmodel.html#detailed-description-of-the-data-product
detailed description of the data product¶;Vis Ghost Catalogue Product;VIS Data Products;https://euclid.esac.esa.int/msp/dpdd/live/visdpd/dpcards/vis_ghostcatalogue.html#detailed-description-of-the-data-product
detailed description of the data product¶;Ghost Position Model Product;VIS Data Products;https://euclid.esac.esa.int/msp/dpdd/live/visdpd/dpcards/vis_ghostpositionmodel.html#detailed-description-of-the-data-product
detailed description of the data product¶;Vis Large Flat Frame Product;VIS Data Products;https://euclid.esac.esa.int/msp/dpdd/live/visdpd/dpcards/vis_largeflatframe.html#detailed-description-of-the-data-product
detailed description of the data product¶;Vis Master Bias Frame Product;VIS Data Products;https://euclid.esac.esa.int/msp/dpdd/live/visdpd/dpcards/vis_masterbiasframe.html#detailed-description-of-the-data-product
detailed description of the data product¶;Vis Master CI Frame Product;VIS Data Products;https://euclid.esac.esa.int/msp/dpdd/live/visdpd/dpcards/vis_masterciframe.html#detailed-description-of-the-data-product
detailed description of the data product¶;Vis Master Dark Frame Product;VIS Data Products;https://euclid.esac.esa.int/msp/dpdd/live/visdpd/dpcards/vis_masterdarkframe.html#detailed-description-of-the-data-product
detailed description of the data product¶;Vis Master Flat Frame Product;VIS Data Products;https://euclid.esac.esa.int/msp/dpdd/live/visdpd/dpcards/vis_masterflatframe.html#detailed-description-of-the-data-product
detailed description of the data product¶;Vis Non Linearity Correction Product;VIS Data Products;https://euclid.esac.esa.int/msp/dpdd/live/visdpd/dpcards/vis_nonlin_correction.html#detailed-description-of-the-data-product
detailed description of the data product¶;Vis Non Linearity Model Product;VIS Data Products;https://euclid.esac.esa.int/msp/dpdd/live/visdpd/dpcards/vis_nonlinearitymodel.html#detailed-description-of-the-data-product
detailed description of the data product¶;Vis Persistence Model Product;VIS Data Products;https://euclid.esac.esa.int/msp/dpdd/live/visdpd/dpcards/vis_persistencemodel.html#detailed-description-of-the-data-product
detailed description of the data product¶;Vis Pixel Bounce Product;VIS Data Products;https://euclid.esac.esa.int/msp/dpdd/live/visdpd/dpcards/vis_pixelbouncemodel.html#detailed-description-of-the-data-product
detailed description of the data product¶;Vis PSF Model Product;VIS Data Products;https://euclid.esac.esa.int/msp/dpdd/live/visdpd/dpcards/vis_psfmodel.html#detailed-description-of-the-data-product
detailed description of the data product¶;Vis RON Model Product;VIS Data Products;https://euclid.esac.esa.int/msp/dpdd/live/visdpd/dpcards/vis_ronmodel.html#detailed-description-of-the-data-product
detailed description of the data product¶;Vis Shutter Model Product;VIS Data Products;https://euclid.esac.esa.int/msp/dpdd/live/visdpd/dpcards/vis_shuttermodel.html#detailed-description-of-the-data-product
detailed description of the data product¶;Vis Stacked Frame Product;VIS Data Products;https://euclid.esac.esa.int/msp/dpdd/live/visdpd/dpcards/vis_stackedframe.html#detailed-description-of-the-data-product
detailed description of the data product¶;Stacked Catalogue Product;VIS Data Products;https://euclid.esac.esa.int/msp/dpdd/live/visdpd/dpcards/vis_stackedframecatalog.html#detailed-description-of-the-data-product
detailed description of the data product¶;Vis Star Mask Product;VIS Data Products;https://euclid.esac.esa.int/msp/dpdd/live/visdpd/dpcards/vis_starmask.html#detailed-description-of-the-data-product
detailed description of the data product¶;Vis Trap Pumping Model Product;VIS Data Products;https://euclid.esac.esa.int/msp/dpdd/live/visdpd/dpcards/vis_trappumpingmodel.html#detailed-description-of-the-data-product
detailed description of the data product¶;Vis Trap Pumping Results Product;VIS Data Products;https://euclid.esac.esa.int/msp/dpdd/live/visdpd/dpcards/vis_trappumpingresults.html#detailed-description-of-the-data-product
detailed description of the data product¶;Validation Requirements Data Product;VIS Data Products;https://euclid.esac.esa.int/msp/dpdd/live/visdpd/dpcards/vis_validationrequirements.html#detailed-description-of-the-data-product
detailed description of the data product¶;Validation Result Data Product;VIS Data Products;https://euclid.esac.esa.int/msp/dpdd/live/visdpd/dpcards/vis_validationresult.html#detailed-description-of-the-data-product
detailed description of the data product¶;Vis XTalk Frame Product;VIS Data Products;https://euclid.esac.esa.int/msp/dpdd/live/visdpd/dpcards/vis_xtalk.html#detailed-description-of-the-data-product
detailed description of the data product¶;Vis Zero PointProduct;VIS Data Products;https://euclid.esac.esa.int/msp/dpdd/live/visdpd/dpcards/vis_zeropoint.html#detailed-description-of-the-data-product
last edited for dpdd version¶;NISP Raw Frame Product;LE1 Data Products;https://euclid.esac.esa.int/msp/dpdd/live/le1dpd/dpcards/le1_nisprawframe.html#last-edited-for-dpdd-version
last edited for dpdd version¶;Ext Input Configuration Product;SIM Data Products;https://euclid.esac.esa.int/msp/dpdd/live/simdpd/dpcards/sim_extinputconfiguration.html#last-edited-for-dpdd-version
last edited for dpdd version¶;Galaxy Catalog Product;SIM Data Products;https://euclid.esac.esa.int/msp/dpdd/live/simdpd/dpcards/sim_galaxycatalogproduct.html#last-edited-for-dpdd-version
last edited for dpdd version¶;Nip Input Configuration Product;SIM Data Products;https://euclid.esac.esa.int/msp/dpdd/live/simdpd/dpcards/sim_nipinputconfiguration.html#last-edited-for-dpdd-version
last edited for dpdd version¶;Nis Input Configuration Product;SIM Data Products;https://euclid.esac.esa.int/msp/dpdd/live/simdpd/dpcards/sim_nisinputconfiguration.html#last-edited-for-dpdd-version
last edited for dpdd version¶;Sim Request Product;SIM Data Products;https://euclid.esac.esa.int/msp/dpdd/live/simdpd/dpcards/sim_simrequest.html#last-edited-for-dpdd-version
last edited for dpdd version¶;SSO Catalog Product;SIM Data Products;https://euclid.esac.esa.int/msp/dpdd/live/simdpd/dpcards/sim_ssocatalogproduct.html#last-edited-for-dpdd-version
last edited for dpdd version¶;Star Catalog Product;SIM Data Products;https://euclid.esac.esa.int/msp/dpdd/live/simdpd/dpcards/sim_starcatalogproduct.html#last-edited-for-dpdd-version
last edited for dpdd version¶;True Universe Output Product;SIM Data Products;https://euclid.esac.esa.int/msp/dpdd/live/simdpd/dpcards/sim_trueuniverseoutput.html#last-edited-for-dpdd-version
last edited for dpdd version¶;Output Validation Product;SIM Data Products;https://euclid.esac.esa.int/msp/dpdd/live/simdpd/dpcards/sim_validationproduct.html#last-edited-for-dpdd-version
last edited for dpdd version¶;Vis Input Configuration Product;SIM Data Products;https://euclid.esac.esa.int/msp/dpdd/live/simdpd/dpcards/sim_visinputconfiguration.html#last-edited-for-dpdd-version
last edited for dpdd version¶;Vis Brighter Fatter Product;VIS Data Products;https://euclid.esac.esa.int/msp/dpdd/live/visdpd/dpcards/vis_BFEModel.html#last-edited-for-dpdd-version
last edited for dpdd version¶;Vis Analysis Results Product;VIS Data Products;https://euclid.esac.esa.int/msp/dpdd/live/visdpd/dpcards/vis_analysisresults.html#last-edited-for-dpdd-version
last edited for dpdd version¶;Vis Blooming Model Product;VIS Data Products;https://euclid.esac.esa.int/msp/dpdd/live/visdpd/dpcards/vis_bloomingmodel.html#last-edited-for-dpdd-version
last edited for dpdd version¶;Calibrated Frame Product;VIS Data Products;https://euclid.esac.esa.int/msp/dpdd/live/visdpd/dpcards/vis_calibratedframe.html#last-edited-for-dpdd-version
last edited for dpdd version¶;Calibrated Catalogue Product;VIS Data Products;https://euclid.esac.esa.int/msp/dpdd/live/visdpd/dpcards/vis_calibratedframecatalog.html#last-edited-for-dpdd-version
last edited for dpdd version¶;Calibrated Quad Frame Product;VIS Data Products;https://euclid.esac.esa.int/msp/dpdd/live/visdpd/dpcards/vis_calibratedquadframe.html#last-edited-for-dpdd-version
last edited for dpdd version¶;Vis Configuration File Product;VIS Data Products;https://euclid.esac.esa.int/msp/dpdd/live/visdpd/dpcards/vis_configuration.html#last-edited-for-dpdd-version
last edited for dpdd version¶;CTI Calibration Results Product;VIS Data Products;https://euclid.esac.esa.int/msp/dpdd/live/visdpd/dpcards/vis_cticalibrationresults.html#last-edited-for-dpdd-version
last edited for dpdd version¶;Vis CTI Model Product;VIS Data Products;https://euclid.esac.esa.int/msp/dpdd/live/visdpd/dpcards/vis_ctimodel.html#last-edited-for-dpdd-version
last edited for dpdd version¶;CTI Time Evolution Model Product;VIS Data Products;https://euclid.esac.esa.int/msp/dpdd/live/visdpd/dpcards/vis_ctitimeevolutionmodel.html#last-edited-for-dpdd-version
last edited for dpdd version¶;Vis Diffraction Spikes Focus Product;VIS Data Products;https://euclid.esac.esa.int/msp/dpdd/live/visdpd/dpcards/vis_diffractionspikesfocus.html#last-edited-for-dpdd-version
last edited for dpdd version¶;Distortion Model Product;VIS Data Products;https://euclid.esac.esa.int/msp/dpdd/live/visdpd/dpcards/vis_distortionmodel.html#last-edited-for-dpdd-version
last edited for dpdd version¶;Vis File Container Product;VIS Data Products;https://euclid.esac.esa.int/msp/dpdd/live/visdpd/dpcards/vis_filecontainer.html#last-edited-for-dpdd-version
last edited for dpdd version¶;Vis Flag Map Product;VIS Data Products;https://euclid.esac.esa.int/msp/dpdd/live/visdpd/dpcards/vis_flagmap.html#last-edited-for-dpdd-version
last edited for dpdd version¶;Vis Gain Model Product;VIS Data Products;https://euclid.esac.esa.int/msp/dpdd/live/visdpd/dpcards/vis_gainmodel.html#last-edited-for-dpdd-version
last edited for dpdd version¶;Vis Ghost Catalogue Product;VIS Data Products;https://euclid.esac.esa.int/msp/dpdd/live/visdpd/dpcards/vis_ghostcatalogue.html#last-edited-for-dpdd-version
last edited for dpdd version¶;Ghost Position Model Product;VIS Data Products;https://euclid.esac.esa.int/msp/dpdd/live/visdpd/dpcards/vis_ghostpositionmodel.html#last-edited-for-dpdd-version
last edited for dpdd version¶;Vis Large Flat Frame Product;VIS Data Products;https://euclid.esac.esa.int/msp/dpdd/live/visdpd/dpcards/vis_largeflatframe.html#last-edited-for-dpdd-version
last edited for dpdd version¶;Vis Master Bias Frame Product;VIS Data Products;https://euclid.esac.esa.int/msp/dpdd/live/visdpd/dpcards/vis_masterbiasframe.html#last-edited-for-dpdd-version
last edited for dpdd version¶;Vis Master CI Frame Product;VIS Data Products;https://euclid.esac.esa.int/msp/dpdd/live/visdpd/dpcards/vis_masterciframe.html#last-edited-for-dpdd-version
last edited for dpdd version¶;Vis Master Dark Frame Product;VIS Data Products;https://euclid.esac.esa.int/msp/dpdd/live/visdpd/dpcards/vis_masterdarkframe.html#last-edited-for-dpdd-version
last edited for dpdd version¶;Vis Master Flat Frame Product;VIS Data Products;https://euclid.esac.esa.int/msp/dpdd/live/visdpd/dpcards/vis_masterflatframe.html#last-edited-for-dpdd-version
last edited for dpdd version¶;Vis Non Linearity Correction Product;VIS Data Products;https://euclid.esac.esa.int/msp/dpdd/live/visdpd/dpcards/vis_nonlin_correction.html#last-edited-for-dpdd-version
last edited for dpdd version¶;Vis Non Linearity Model Product;VIS Data Products;https://euclid.esac.esa.int/msp/dpdd/live/visdpd/dpcards/vis_nonlinearitymodel.html#last-edited-for-dpdd-version
last edited for dpdd version¶;Vis Persistence Model Product;VIS Data Products;https://euclid.esac.esa.int/msp/dpdd/live/visdpd/dpcards/vis_persistencemodel.html#last-edited-for-dpdd-version
last edited for dpdd version¶;Vis Pixel Bounce Product;VIS Data Products;https://euclid.esac.esa.int/msp/dpdd/live/visdpd/dpcards/vis_pixelbouncemodel.html#last-edited-for-dpdd-version
last edited for dpdd version¶;Vis PSF Model Product;VIS Data Products;https://euclid.esac.esa.int/msp/dpdd/live/visdpd/dpcards/vis_psfmodel.html#last-edited-for-dpdd-version
last edited for dpdd version¶;Vis RON Model Product;VIS Data Products;https://euclid.esac.esa.int/msp/dpdd/live/visdpd/dpcards/vis_ronmodel.html#last-edited-for-dpdd-version
last edited for dpdd version¶;Vis Shutter Model Product;VIS Data Products;https://euclid.esac.esa.int/msp/dpdd/live/visdpd/dpcards/vis_shuttermodel.html#last-edited-for-dpdd-version
last edited for dpdd version¶;Vis Stacked Frame Product;VIS Data Products;https://euclid.esac.esa.int/msp/dpdd/live/visdpd/dpcards/vis_stackedframe.html#last-edited-for-dpdd-version
last edited for dpdd version¶;Stacked Catalogue Product;VIS Data Products;https://euclid.esac.esa.int/msp/dpdd/live/visdpd/dpcards/vis_stackedframecatalog.html#last-edited-for-dpdd-version
last edited for dpdd version¶;Vis Star Mask Product;VIS Data Products;https://euclid.esac.esa.int/msp/dpdd/live/visdpd/dpcards/vis_starmask.html#last-edited-for-dpdd-version
last edited for dpdd version¶;Vis Trap Pumping Model Product;VIS Data Products;https://euclid.esac.esa.int/msp/dpdd/live/visdpd/dpcards/vis_trappumpingmodel.html#last-edited-for-dpdd-version
last edited for dpdd version¶;Vis Trap Pumping Results Product;VIS Data Products;https://euclid.esac.esa.int/msp/dpdd/live/visdpd/dpcards/vis_trappumpingresults.html#last-edited-for-dpdd-version
last edited for dpdd version¶;Validation Requirements Data Product;VIS Data Products;https://euclid.esac.esa.int/msp/dpdd/live/visdpd/dpcards/vis_validationrequirements.html#last-edited-for-dpdd-version
last edited for dpdd version¶;Validation Result Data Product;VIS Data Products;https://euclid.esac.esa.int/msp/dpdd/live/visdpd/dpcards/vis_validationresult.html#last-edited-for-dpdd-version
last edited for dpdd version¶;Vis XTalk Frame Product;VIS Data Products;https://euclid.esac.esa.int/msp/dpdd/live/visdpd/dpcards/vis_xtalk.html#last-edited-for-dpdd-version
last edited for dpdd version¶;Vis Zero PointProduct;VIS Data Products;https://euclid.esac.esa.int/msp/dpdd/live/visdpd/dpcards/vis_zeropoint.html#last-edited-for-dpdd-version
processing elements creating / updating / using the product¶;NISP Raw Frame Product;LE1 Data Products;https://euclid.esac.esa.int/msp/dpdd/live/le1dpd/dpcards/le1_nisprawframe.html#processing-elements-creating-updating-using-the-product
processing elements creating / updating / using the product¶;Ext Input Configuration Product;SIM Data Products;https://euclid.esac.esa.int/msp/dpdd/live/simdpd/dpcards/sim_extinputconfiguration.html#processing-elements-creating-updating-using-the-product
processing elements creating / updating / using the product¶;Galaxy Catalog Product;SIM Data Products;https://euclid.esac.esa.int/msp/dpdd/live/simdpd/dpcards/sim_galaxycatalogproduct.html#processing-elements-creating-updating-using-the-product
processing elements creating / updating / using the product¶;Nip Input Configuration Product;SIM Data Products;https://euclid.esac.esa.int/msp/dpdd/live/simdpd/dpcards/sim_nipinputconfiguration.html#processing-elements-creating-updating-using-the-product
processing elements creating / updating / using the product¶;Nis Input Configuration Product;SIM Data Products;https://euclid.esac.esa.int/msp/dpdd/live/simdpd/dpcards/sim_nisinputconfiguration.html#processing-elements-creating-updating-using-the-product
processing elements creating / updating / using the product¶;Sim Request Product;SIM Data Products;https://euclid.esac.esa.int/msp/dpdd/live/simdpd/dpcards/sim_simrequest.html#processing-elements-creating-updating-using-the-product
processing elements creating / updating / using the product¶;SSO Catalog Product;SIM Data Products;https://euclid.esac.esa.int/msp/dpdd/live/simdpd/dpcards/sim_ssocatalogproduct.html#processing-elements-creating-updating-using-the-product
processing elements creating / updating / using the product¶;Star Catalog Product;SIM Data Products;https://euclid.esac.esa.int/msp/dpdd/live/simdpd/dpcards/sim_starcatalogproduct.html#processing-elements-creating-updating-using-the-product
processing elements creating / updating / using the product¶;True Universe Output Product;SIM Data Products;https://euclid.esac.esa.int/msp/dpdd/live/simdpd/dpcards/sim_trueuniverseoutput.html#processing-elements-creating-updating-using-the-product
processing elements creating / updating / using the product¶;Vis Input Configuration Product;SIM Data Products;https://euclid.esac.esa.int/msp/dpdd/live/simdpd/dpcards/sim_visinputconfiguration.html#processing-elements-creating-updating-using-the-product
processing function using the products¶;NISP Raw Frame Product;LE1 Data Products;https://euclid.esac.esa.int/msp/dpdd/live/le1dpd/dpcards/le1_nisprawframe.html#processing-function-using-the-products
processing function using the products¶;Ext Input Configuration Product;SIM Data Products;https://euclid.esac.esa.int/msp/dpdd/live/simdpd/dpcards/sim_extinputconfiguration.html#processing-function-using-the-products
processing function using the products¶;Galaxy Catalog Product;SIM Data Products;https://euclid.esac.esa.int/msp/dpdd/live/simdpd/dpcards/sim_galaxycatalogproduct.html#processing-function-using-the-products
processing function using the products¶;Nip Input Configuration Product;SIM Data Products;https://euclid.esac.esa.int/msp/dpdd/live/simdpd/dpcards/sim_nipinputconfiguration.html#processing-function-using-the-products
processing function using the products¶;Nis Input Configuration Product;SIM Data Products;https://euclid.esac.esa.int/msp/dpdd/live/simdpd/dpcards/sim_nisinputconfiguration.html#processing-function-using-the-products
processing function using the products¶;Sim Request Product;SIM Data Products;https://euclid.esac.esa.int/msp/dpdd/live/simdpd/dpcards/sim_simrequest.html#processing-function-using-the-products
processing function using the products¶;SSO Catalog Product;SIM Data Products;https://euclid.esac.esa.int/msp/dpdd/live/simdpd/dpcards/sim_ssocatalogproduct.html#processing-function-using-the-products
processing function using the products¶;Star Catalog Product;SIM Data Products;https://euclid.esac.esa.int/msp/dpdd/live/simdpd/dpcards/sim_starcatalogproduct.html#processing-function-using-the-products
processing function using the products¶;True Universe Output Product;SIM Data Products;https://euclid.esac.esa.int/msp/dpdd/live/simdpd/dpcards/sim_trueuniverseoutput.html#processing-function-using-the-products
processing function using the products¶;Output Validation Product;SIM Data Products;https://euclid.esac.esa.int/msp/dpdd/live/simdpd/dpcards/sim_validationproduct.html#processing-function-using-the-products
processing function using the products¶;Vis Input Configuration Product;SIM Data Products;https://euclid.esac.esa.int/msp/dpdd/live/simdpd/dpcards/sim_visinputconfiguration.html#processing-function-using-the-products
proposed for inclusion in eas/sas¶;Ext Input Configuration Product;SIM Data Products;https://euclid.esac.esa.int/msp/dpdd/live/simdpd/dpcards/sim_extinputconfiguration.html#proposed-for-inclusion-in-eas-sas
proposed for inclusion in eas/sas¶;Galaxy Catalog Product;SIM Data Products;https://euclid.esac.esa.int/msp/dpdd/live/simdpd/dpcards/sim_galaxycatalogproduct.html#proposed-for-inclusion-in-eas-sas
proposed for inclusion in eas/sas¶;Nip Input Configuration Product;SIM Data Products;https://euclid.esac.esa.int/msp/dpdd/live/simdpd/dpcards/sim_nipinputconfiguration.html#proposed-for-inclusion-in-eas-sas
proposed for inclusion in eas/sas¶;Nis Input Configuration Product;SIM Data Products;https://euclid.esac.esa.int/msp/dpdd/live/simdpd/dpcards/sim_nisinputconfiguration.html#proposed-for-inclusion-in-eas-sas
proposed for inclusion in eas/sas¶;Sim Request Product;SIM Data Products;https://euclid.esac.esa.int/msp/dpdd/live/simdpd/dpcards/sim_simrequest.html#proposed-for-inclusion-in-eas-sas
proposed for inclusion in eas/sas¶;SSO Catalog Product;SIM Data Products;https://euclid.esac.esa.int/msp/dpdd/live/simdpd/dpcards/sim_ssocatalogproduct.html#proposed-for-inclusion-in-eas-sas
proposed for inclusion in eas/sas¶;Star Catalog Product;SIM Data Products;https://euclid.esac.esa.int/msp/dpdd/live/simdpd/dpcards/sim_starcatalogproduct.html#proposed-for-inclusion-in-eas-sas
proposed for inclusion in eas/sas¶;True Universe Output Product;SIM Data Products;https://euclid.esac.esa.int/msp/dpdd/live/simdpd/dpcards/sim_trueuniverseoutput.html#proposed-for-inclusion-in-eas-sas
proposed for inclusion in eas/sas¶;Output Validation Product;SIM Data Products;https://euclid.esac.esa.int/msp/dpdd/live/simdpd/dpcards/sim_validationproduct.html#proposed-for-inclusion-in-eas-sas
proposed for inclusion in eas/sas¶;Vis Input Configuration Product;SIM Data Products;https://euclid.esac.esa.int/msp/dpdd/live/simdpd/dpcards/sim_visinputconfiguration.html#proposed-for-inclusion-in-eas-sas
proposed for inclusion in eas/sas¶;Vis Brighter Fatter Product;VIS Data Products;https://euclid.esac.esa.int/msp/dpdd/live/visdpd/dpcards/vis_BFEModel.html#proposed-for-inclusion-in-eas-sas
proposed for inclusion in eas/sas¶;Vis Analysis Results Product;VIS Data Products;https://euclid.esac.esa.int/msp/dpdd/live/visdpd/dpcards/vis_analysisresults.html#proposed-for-inclusion-in-eas-sas
proposed for inclusion in eas/sas¶;Vis Blooming Model Product;VIS Data Products;https://euclid.esac.esa.int/msp/dpdd/live/visdpd/dpcards/vis_bloomingmodel.html#proposed-for-inclusion-in-eas-sas
proposed for inclusion in eas/sas¶;Calibrated Frame Product;VIS Data Products;https://euclid.esac.esa.int/msp/dpdd/live/visdpd/dpcards/vis_calibratedframe.html#proposed-for-inclusion-in-eas-sas
proposed for inclusion in eas/sas¶;Calibrated Catalogue Product;VIS Data Products;https://euclid.esac.esa.int/msp/dpdd/live/visdpd/dpcards/vis_calibratedframecatalog.html#proposed-for-inclusion-in-eas-sas
proposed for inclusion in eas/sas¶;Calibrated Quad Frame Product;VIS Data Products;https://euclid.esac.esa.int/msp/dpdd/live/visdpd/dpcards/vis_calibratedquadframe.html#proposed-for-inclusion-in-eas-sas
proposed for inclusion in eas/sas¶;Vis Configuration File Product;VIS Data Products;https://euclid.esac.esa.int/msp/dpdd/live/visdpd/dpcards/vis_configuration.html#proposed-for-inclusion-in-eas-sas
proposed for inclusion in eas/sas¶;CTI Calibration Results Product;VIS Data Products;https://euclid.esac.esa.int/msp/dpdd/live/visdpd/dpcards/vis_cticalibrationresults.html#proposed-for-inclusion-in-eas-sas
proposed for inclusion in eas/sas¶;Vis CTI Model Product;VIS Data Products;https://euclid.esac.esa.int/msp/dpdd/live/visdpd/dpcards/vis_ctimodel.html#proposed-for-inclusion-in-eas-sas
proposed for inclusion in eas/sas¶;CTI Time Evolution Model Product;VIS Data Products;https://euclid.esac.esa.int/msp/dpdd/live/visdpd/dpcards/vis_ctitimeevolutionmodel.html#proposed-for-inclusion-in-eas-sas
proposed for inclusion in eas/sas¶;Vis Diffraction Spikes Focus Product;VIS Data Products;https://euclid.esac.esa.int/msp/dpdd/live/visdpd/dpcards/vis_diffractionspikesfocus.html#proposed-for-inclusion-in-eas-sas
proposed for inclusion in eas/sas¶;Distortion Model Product;VIS Data Products;https://euclid.esac.esa.int/msp/dpdd/live/visdpd/dpcards/vis_distortionmodel.html#proposed-for-inclusion-in-eas-sas
proposed for inclusion in eas/sas¶;Vis File Container Product;VIS Data Products;https://euclid.esac.esa.int/msp/dpdd/live/visdpd/dpcards/vis_filecontainer.html#proposed-for-inclusion-in-eas-sas
proposed for inclusion in eas/sas¶;Vis Flag Map Product;VIS Data Products;https://euclid.esac.esa.int/msp/dpdd/live/visdpd/dpcards/vis_flagmap.html#proposed-for-inclusion-in-eas-sas
proposed for inclusion in eas/sas¶;Vis Gain Model Product;VIS Data Products;https://euclid.esac.esa.int/msp/dpdd/live/visdpd/dpcards/vis_gainmodel.html#proposed-for-inclusion-in-eas-sas
proposed for inclusion in eas/sas¶;Vis Ghost Catalogue Product;VIS Data Products;https://euclid.esac.esa.int/msp/dpdd/live/visdpd/dpcards/vis_ghostcatalogue.html#proposed-for-inclusion-in-eas-sas
proposed for inclusion in eas/sas¶;Ghost Position Model Product;VIS Data Products;https://euclid.esac.esa.int/msp/dpdd/live/visdpd/dpcards/vis_ghostpositionmodel.html#proposed-for-inclusion-in-eas-sas
proposed for inclusion in eas/sas¶;Vis Large Flat Frame Product;VIS Data Products;https://euclid.esac.esa.int/msp/dpdd/live/visdpd/dpcards/vis_largeflatframe.html#proposed-for-inclusion-in-eas-sas
proposed for inclusion in eas/sas¶;Vis Master Bias Frame Product;VIS Data Products;https://euclid.esac.esa.int/msp/dpdd/live/visdpd/dpcards/vis_masterbiasframe.html#proposed-for-inclusion-in-eas-sas
proposed for inclusion in eas/sas¶;Vis Master CI Frame Product;VIS Data Products;https://euclid.esac.esa.int/msp/dpdd/live/visdpd/dpcards/vis_masterciframe.html#proposed-for-inclusion-in-eas-sas
proposed for inclusion in eas/sas¶;Vis Master Dark Frame Product;VIS Data Products;https://euclid.esac.esa.int/msp/dpdd/live/visdpd/dpcards/vis_masterdarkframe.html#proposed-for-inclusion-in-eas-sas
proposed for inclusion in eas/sas¶;Vis Master Flat Frame Product;VIS Data Products;https://euclid.esac.esa.int/msp/dpdd/live/visdpd/dpcards/vis_masterflatframe.html#proposed-for-inclusion-in-eas-sas
proposed for inclusion in eas/sas¶;Vis Non Linearity Correction Product;VIS Data Products;https://euclid.esac.esa.int/msp/dpdd/live/visdpd/dpcards/vis_nonlin_correction.html#proposed-for-inclusion-in-eas-sas
proposed for inclusion in eas/sas¶;Vis Non Linearity Model Product;VIS Data Products;https://euclid.esac.esa.int/msp/dpdd/live/visdpd/dpcards/vis_nonlinearitymodel.html#proposed-for-inclusion-in-eas-sas
proposed for inclusion in eas/sas¶;Vis Persistence Model Product;VIS Data Products;https://euclid.esac.esa.int/msp/dpdd/live/visdpd/dpcards/vis_persistencemodel.html#proposed-for-inclusion-in-eas-sas
proposed for inclusion in eas/sas¶;Vis Pixel Bounce Product;VIS Data Products;https://euclid.esac.esa.int/msp/dpdd/live/visdpd/dpcards/vis_pixelbouncemodel.html#proposed-for-inclusion-in-eas-sas
proposed for inclusion in eas/sas¶;Vis PSF Model Product;VIS Data Products;https://euclid.esac.esa.int/msp/dpdd/live/visdpd/dpcards/vis_psfmodel.html#proposed-for-inclusion-in-eas-sas
proposed for inclusion in eas/sas¶;Vis RON Model Product;VIS Data Products;https://euclid.esac.esa.int/msp/dpdd/live/visdpd/dpcards/vis_ronmodel.html#proposed-for-inclusion-in-eas-sas
proposed for inclusion in eas/sas¶;Vis Shutter Model Product;VIS Data Products;https://euclid.esac.esa.int/msp/dpdd/live/visdpd/dpcards/vis_shuttermodel.html#proposed-for-inclusion-in-eas-sas
proposed for inclusion in eas/sas¶;Vis Stacked Frame Product;VIS Data Products;https://euclid.esac.esa.int/msp/dpdd/live/visdpd/dpcards/vis_stackedframe.html#proposed-for-inclusion-in-eas-sas
proposed for inclusion in eas/sas¶;Stacked Catalogue Product;VIS Data Products;https://euclid.esac.esa.int/msp/dpdd/live/visdpd/dpcards/vis_stackedframecatalog.html#proposed-for-inclusion-in-eas-sas
proposed for inclusion in eas/sas¶;Vis Star Mask Product;VIS Data Products;https://euclid.esac.esa.int/msp/dpdd/live/visdpd/dpcards/vis_starmask.html#proposed-for-inclusion-in-eas-sas
proposed for inclusion in eas/sas¶;Vis Trap Pumping Model Product;VIS Data Products;https://euclid.esac.esa.int/msp/dpdd/live/visdpd/dpcards/vis_trappumpingmodel.html#proposed-for-inclusion-in-eas-sas
proposed for inclusion in eas/sas¶;Vis Trap Pumping Results Product;VIS Data Products;https://euclid.esac.esa.int/msp/dpdd/live/visdpd/dpcards/vis_trappumpingresults.html#proposed-for-inclusion-in-eas-sas
proposed for inclusion in eas/sas¶;Validation Requirements Data Product;VIS Data Products;https://euclid.esac.esa.int/msp/dpdd/live/visdpd/dpcards/vis_validationrequirements.html#proposed-for-inclusion-in-eas-sas
proposed for inclusion in eas/sas¶;Validation Result Data Product;VIS Data Products;https://euclid.esac.esa.int/msp/dpdd/live/visdpd/dpcards/vis_validationresult.html#proposed-for-inclusion-in-eas-sas
proposed for inclusion in eas/sas¶;Vis XTalk Frame Product;VIS Data Products;https://euclid.esac.esa.int/msp/dpdd/live/visdpd/dpcards/vis_xtalk.html#proposed-for-inclusion-in-eas-sas
proposed for inclusion in eas/sas¶;Vis Zero PointProduct;VIS Data Products;https://euclid.esac.esa.int/msp/dpdd/live/visdpd/dpcards/vis_zeropoint.html#proposed-for-inclusion-in-eas-sas
weight map¶;Calibrated Frame Product;VIS Data Products;https://euclid.esac.esa.int/msp/dpdd/live/visdpd/dpcards/vis_calibratedframe.html#weight-map
weight map¶;Calibrated Quad Frame Product;VIS Data Products;https://euclid.esac.esa.int/msp/dpdd/live/visdpd/dpcards/vis_calibratedquadframe.html#weight-map
weight map¶;Vis Stacked Frame Product;VIS Data Products;https://euclid.esac.esa.int/msp/dpdd/live/visdpd/dpcards/vis_stackedframe.html#weight-map
background map¶;Calibrated Frame Product;VIS Data Products;https://euclid.esac.esa.int/msp/dpdd/live/visdpd/dpcards/vis_calibratedframe.html#background-map
background map¶;Calibrated Quad Frame Product;VIS Data Products;https://euclid.esac.esa.int/msp/dpdd/live/visdpd/dpcards/vis_calibratedquadframe.html#background-map
background map¶;Vis Stacked Frame Product;VIS Data Products;https://euclid.esac.esa.int/msp/dpdd/live/visdpd/dpcards/vis_stackedframe.html#background-map
changes introduced by the pf version¶;Calibrated Quad Frame Product;VIS Data Products;https://euclid.esac.esa.int/msp/dpdd/live/visdpd/dpcards/vis_calibratedquadframe.html#changes-introduced-by-the-pf-version
changes introduced by the pf version¶;Vis Flag Map Product;VIS Data Products;https://euclid.esac.esa.int/msp/dpdd/live/visdpd/dpcards/vis_flagmap.html#changes-introduced-by-the-pf-version
changes introduced by the pf version¶;Vis Zero PointProduct;VIS Data Products;https://euclid.esac.esa.int/msp/dpdd/live/visdpd/dpcards/vis_zeropoint.html#changes-introduced-by-the-pf-version
